<?xml version="1.0" encoding="UTF-8"?>

<!DOCTYPE hibernate-configuration PUBLIC

  "-//Hibernate/Hibernate Configuration DTD 3.0//EN"

  "http://www.hibernate.org/dtd/hibernate-configuration-3.0.dtd">

  <hibernate-configuration>

    <session-factory>

  <property name="hibernate.connection.autocommit">true</property>

  <property name="hibernate.connection.driver_class">com.mysql.jdbc.Driver</property>

  <property name="hibernate.connection.password">Divya@1997</property>

  <property name="hibernate.connection.url">jdbc:mysql://localhost:3306/test</property>

  <property name="hibernate.connection.username">root</property>

  <property name="hibernate.dialect">org.hibernate.dialect.MySQLDialect</property>

  <!-- ddl to be updated-->

  <property name="hibernate.hbm2ddl.auto">update</property>

  <!-- show mysql commands -->

  <property name="hibernate.show_sql">true</property>

  <mapping resource="emp.hbm.xml"/>


<mapping class="com.pojo.EmpPojo_Annotation"/>

<mapping class="com.pojo.VendorPojo"/>
<mapping class="com.pojo.CustomerPojo"/>


  </session-factory>

  </hibernate-configuration>