<?xml version="1.0" encoding="UTF-8"?>



<!DOCTYPE hibernate-mapping PUBLIC

  "-//Hibernate/Hibernate Mapping DTD 3.0//EN"

  "http://www.hibernate.org/dtd/hibernate-mapping-3.0.dtd">

<hibernate-mapping>

<!--datatypes here are HBM types not java or mysql datatypes-->

<!-- check table exists or create new one called cts_demo -->

<class name="com.pojo.Emp_Pojo" table="cts_empdemo">

<!-- creating primary key

1.not null

2.unique values-->

<id name="Empno1" type="int" column="eno"/>

<property name="Empname" column="name"/>

<property name="salary1" column="salary1" type="java.lang.Float"/>

</class>



<!-- NAMED QUERY(ONLY POJO NAME)-->
<query name="CTS_EmpView">
<![CDATA[from Emp_Pojo]]>
</query>
<query name="CTS_DeletedRecord">
<![CDATA[delete from Emp_Pojo where Empno1=:deleno]]>
</query>

</hibernate-mapping>

