<?xml version="1.0" encoding="UTF-8"?>
<beans xmlns="http://www.springframework.org/schema/beans"
    xmlns:xsi="http://www.w3.org/2001/XMLSchema-instance"
    xmlns:context="http://www.springframework.org/schema/context"
     xmlns:mvc="http://www.springframework.org/schema/mvc" 
    xsi:schemaLocation="
        http://www.springframework.org/schema/beans 
        http://www.springframework.org/schema/beans/spring-beans.xsd
        http://www.springframework.org/schema/context
         http://www.springframework.org/schema/context/spring-context.xsd
          http://www.springframework.org/schema/mvc
           http://www.springframework.org/schema/mvc/spring-mvc.xsd">
           <!-- provide support for componennt scanning DI_CONTROLLER LOCATION -->
         <context:component-scan base-package="com.cts,com.dao"></context:component-scan>
         
      
      
        <context:component-scan base-package="com.cts,com.dao"/>
     <context:property-placeholder location="classpath:mydb.properties"/>
       
       <bean id="database1"
       class="org.springframework.jdbc.datasource.DriverManagerDataSource">
   <property name="driverClassName" value="${driver}"/>
        <property name="username" value="${dbuser}"/>
        <property name="url" value="${dburl}"/>
       <property name="password" value="{dbpassword}"/>
  </bean>
   <bean id="dbconn"
    class="org.springframework.jdbc.core.JdbcTemplate">
<property name="dataSource" ref="database1"></property>

</bean>
       <bean id="db21"
    class="com.dao.EmpJDBCController">
<property name="template1" ref="dbconn"></property>


         
         
         </bean>
         <!-- view layer location -->
         <bean id="viewResolver" class="org.springframework.web.servlet.view.InternalResourceViewResolver">
         <property name="prefix" value="/WEB-INF/ctsjsp/"></property>
         <property name="suffix" value=".jsp"></property>
         
         
         
        
         </bean >
         </beans>