<?xml version="1.0" encoding="UTF-8"?>

<beans xmlns="http://www.springframework.org/schema/beans"

  xmlns:xsi="http://www.w3.org/2001/XMLSchema-instance"

  xmlns:context="http://www.springframework.org/schema/context" xsi:schemaLocation="

    http://www.springframework.org/schema/beans http://www.springframework.org/schema/beans/spring-beans.xsd

    http://www.springframework.org/schema/context http://www.springframework.org/schema/context/spring-context.xsd"> <!-- bean definitions here -->

<bean id="Bean1" class="com.test.FirstBean">

<property name="name" value="yash"/>

</bean>
<bean id="myaddress" class="com.test.Address">

<constructor-arg value="Chennai"></constructor-arg>

<constructor-arg value="India"></constructor-arg>

</bean>

<bean id="myemployee1" class="com.test.EmployeeBean">

<constructor-arg value="1001" type="int"></constructor-arg>

<constructor-arg value="yashuu"></constructor-arg>

<constructor-arg><ref bean="myaddress"/></constructor-arg>

</bean>

<bean id="stud" class="com.test.Student" abstract="true">
<property name="sid" value="1002"/>
<property name="name" value="geeta"/>
</bean>

<bean id="course1" class="com.test.Student_Course" parent="stud">
<property name="name" value="anjali"/>
<property name="cid" value="1"/>
<property name="cname" value="BE"/>

</bean>

<context:property-placeholder location="classpath:springuser.properties,mydb.properties"/>

        <bean id="database1" class="org.springframework.jdbc.datasource.DriverManagerDataSource">
       <property name="driverClassName" value="${driver}"></property>
        <property name="url" value="${dburl}"></property>
         <property name="username" value="${dbuser}"></property>
          <property name="password" value="${dbpassword}"></property>
          </bean>
<bean id="mydatabase" class="com.dao.Employee_JdbcTemplate1">
       <property name="datasource" ref="database1"></property>

</bean>



<bean id="prop1" class="com.test.User_Properties">
<property name="user" value="${u1}"/>
<property name="role" value="${r1}"/>
<property name="email" value="${e1}"/>
</bean>



<bean id="b11" class="com.test.Branch">
<property name="city" value="hassan"></property>
<property name="state" value="karnataka"></property>
</bean>

<bean id="bank_aw" class="com.test.Bank">
<property name="bankname" value="SBI"></property>
<property name="mgrname" value="Ashu"></property>
<!-- ref tag in property -->
<property name="b1" ref="b11"></property>
</bean>


<!-- autowiring: autowiring feature of spring framework enables you to inject the object dependency implicitly. 
it internaly uses setter or constructor injection. autowiring cant be used to inject primitive and string values-->

<bean id="b1" class="com.test.Branch">
<property name="city" value="chennai"></property>
<property name="state" value="tamilnadu"></property>
</bean>

<bean id="bank_aw1" class="com.test.Bank" autowire="byName">
<property name="bankname" value="HDFC"></property>
<property name="mgrname" value="Sushu"></property>
<!-- ref tag in property -->

</bean>
<bean id="myemployee2"
class="com.test.EmployeeBean"
autowire="constructor">
<constructor-arg value="1" type="int">
</constructor-arg>
<constructor-arg value="divya">
</constructor-arg>
</bean>


<!-- Autowiring Annotation -->

<!-- used to activate the @Autowired annotation in spring -->

<context:annotation-config/>

<bean id="b18" class="com.test.Branch">

<property name="city" value="Bangalore"></property>

<property name="state" value="Karnataka"></property>

</bean>



<!-- no autowire and ref tag

but AUTOWIRE ANNOTATION USED IN BEAN CLASS -->



<bean id="anno1" class="com.test.Bank_AutoWire">

<property name="bankname" value="AXIS"></property>

<property name="mgrname" value="Krish"></property>
</bean>

<!-- COLLECTION-SETTER INJECTION -->

<bean id="ob1" class="com.test.Vendor_Collection">
<property name="vid" value="101"></property>
<property name="vendorname" value="BLT"></property>
<property name="cus_name">
<list>
<value>CTS</value>
<value>TCS</value>
<value>ZOHO</value>
<value>ZOHO</value>
</list>
</property>
</bean>

<bean id="tr1" class="com.test.Technology_coll" >

    <property name="tech_name" value="Servlets"></property>

    <property name="assessment" value="no"></property>

    </bean>



    <bean id="tr2" class="com.test.Technology_coll" >

    <property name="tech_name" value="Jsp"></property>

    <property name="assessment" value="No"></property>

    </bean>

    <bean id="tco1" class="com.test.Training_Collection" >

    <property name="batchno" value="2"></property>

    <property name="projectname" value="Insurance"></property>

    <property name="tc1">

    <list>

    <ref bean="tr1"/>

     <ref bean="tr2"/>

    </list>

    </property>

    </bean>
    
    <bean id="asmap1" class="com.test.Assessment_MapCollection">
    <property name="sid" value="1"></property>
    <property name="sname" value="Divya"></property>
    <property name="test_details">
    <map>
    <entry key="JSTL" value="YES"></entry>
    <entry key="EJB" value="NO"></entry>
    <entry key="EJB" value="YES"></entry>
    </map>
    </property>
    </bean>  
    
    <bean id="ob11" class="com.test.Vendor_coll">
<constructor-arg name="vid" value="1011"></constructor-arg>
<constructor-arg name="vendorname" value="BLT1"></constructor-arg>
<constructor-arg name="cus_name">
<list>
<value>CTS1</value>
<value>TCS1</value>
<value>ZOHO1</value>
<value>ZOHO1</value>
</list>

</constructor-arg>
</bean>

<context:component-scan base-package="com.test"/>

</beans>